{"_meta":{"numpy":"2.5.1","python":"3.12.7","reference":"Christensen, Diebold & Rudebusch (2011), J. Econometrics 164(1), 4-20; independent-factor AFNS yield-adjustment term A(tau)/tau.","note":"DOCUMENTED-FORMULA golden (non-circular; no tsecon call). c_over_tau is the positive CDR term A(tau)/tau; adjustment is the signed yield adjustment -A(tau)/tau added to the curve. sigma_diag=[s11,s22,s33] are the diagonal factor volatilities."},"cases":[{"maturities":[0.25,0.5,1.0,2.0,3.0,5.0,7.0,10.0,20.0,30.0],"lambda":0.5,"sigma_diag":[0.01,0.008,0.012],"c_over_tau":[1.6523847079392862e-06,6.429580355809494e-06,2.4645659948129174e-05,9.320419471419556e-05,0.00020163265094379635,0.0005260986872646917,0.0009801014888282285,0.0018915889793799524,0.006984299205390449,0.015350400204913524],"adjustment":[-1.6523847079392862e-06,-6.429580355809494e-06,-2.4645659948129174e-05,-9.320419471419556e-05,-0.00020163265094379635,-0.0005260986872646917,-0.0009801014888282285,-0.0018915889793799524,-0.006984299205390449,-0.015350400204913524]},{"maturities":[0.25,0.5,1.0,2.0,3.0,5.0,7.0,10.0,20.0,30.0],"lambda":0.7,"sigma_diag":[0.015,0.0,0.0],"c_over_tau":[2.34375e-06,9.375e-06,3.75e-05,0.00015,0.0003375,0.0009375000000000001,0.0018374999999999997,0.0037500000000000003,0.015000000000000001,0.03375],"adjustment":[-2.34375e-06,-9.375e-06,-3.75e-05,-0.00015,-0.0003375,-0.0009375000000000001,-0.0018374999999999997,-0.0037500000000000003,-0.015000000000000001,-0.03375]},{"maturities":[0.25,0.5,1.0,2.0,3.0,5.0,7.0,10.0,20.0,30.0],"lambda":0.6,"sigma_diag":[0.0,0.02,0.0],"c_over_tau":[3.7290463305802213e-06,1.3390043178560252e-05,4.354274651106631e-05,0.00011899511443504536,0.0001904123195121996,0.0002959879186384064,0.0003610950687802733,0.0004171254103932552,0.0004861116800187885,0.0005092592601993814],"adjustment":[-3.7290463305802213e-06,-1.3390043178560252e-05,-4.354274651106631e-05,-0.00011899511443504536,-0.0001904123195121996,-0.0002959879186384064,-0.0003610950687802733,-0.0004171254103932552,-0.0004861116800187885,-0.0005092592601993814]},{"maturities":[0.25,0.5,1.0,2.0,3.0,5.0,7.0,10.0,20.0,30.0],"lambda":0.6,"sigma_diag":[0.0,0.0,0.02],"c_over_tau":[1.191903535353589e-08,1.620558367150693e-07,1.8870314199130435e-06,1.649827423009649e-05,4.755506680636987e-05,0.0001337895321977425,0.00021590794635940682,0.00030458207970626656,0.000428248705300976,0.0004706790311481218],"adjustment":[-1.191903535353589e-08,-1.620558367150693e-07,-1.8870314199130435e-06,-1.649827423009649e-05,-4.755506680636987e-05,-0.0001337895321977425,-0.00021590794635940682,-0.00030458207970626656,-0.000428248705300976,-0.0004706790311481218]},{"maturities":[0.25,0.5,1.0,2.0,3.0,5.0,7.0,10.0,20.0,30.0],"lambda":0.3,"sigma_diag":[0.007,0.011,0.009],"c_over_tau":[1.7030065220043268e-06,6.5634671453050975e-06,2.4499884140463774e-05,8.688188539518646e-05,0.00017665509369368655,0.00041749519050560314,0.0007228917309745331,0.00128318156929931,0.004018099897804581,0.00822283932861981],"adjustment":[-1.7030065220043268e-06,-6.5634671453050975e-06,-2.4499884140463774e-05,-8.688188539518646e-05,-0.00017665509369368655,-0.00041749519050560314,-0.0007228917309745331,-0.00128318156929931,-0.004018099897804581,-0.00822283932861981]},{"maturities":[0.25,0.5,1.0,2.0,3.0,5.0,7.0,10.0,20.0,30.0],"lambda":0.5,"sigma_diag":[0.0,0.0,0.0],"c_over_tau":[0.0,0.0,0.0,0.0,0.0,0.0,0.0,0.0,0.0,0.0],"adjustment":[-0.0,-0.0,-0.0,-0.0,-0.0,-0.0,-0.0,-0.0,-0.0,-0.0]}]}