{
 "_meta": {
  "numpy": "1.26.4",
  "scipy": "1.17.1",
  "statsmodels": "0.14.6",
  "python": "3.12.7"
 },
 "std_normal": {
  "x": [
   -3.0,
   -1.5,
   -0.5,
   0.0,
   0.3,
   1.0,
   2.5
  ],
  "pdf": [
   0.0044318484119380075,
   0.12951759566589174,
   0.3520653267642995,
   0.3989422804014327,
   0.38138781546052414,
   0.24197072451914337,
   0.01752830049356854
  ],
  "logpdf": [
   -5.418938533204672,
   -2.0439385332046727,
   -1.0439385332046727,
   -0.9189385332046727,
   -0.9639385332046727,
   -1.4189385332046727,
   -4.043938533204672
  ],
  "cdf": [
   0.001349898031630093,
   0.06680720126885806,
   0.3085375387259869,
   0.5,
   0.6179114221889526,
   0.8413447460685429,
   0.9937903346742238
  ],
  "q": [
   0.01,
   0.05,
   0.1,
   0.25,
   0.5,
   0.75,
   0.9,
   0.95,
   0.99
  ],
  "ppf": [
   -2.3263478740408408,
   -1.6448536269514729,
   -1.2815515655446004,
   -0.6744897501960817,
   0.0,
   0.6744897501960817,
   1.2815515655446004,
   1.644853626951472,
   2.3263478740408408
  ]
 },
 "student_t": {
  "df": 5.0,
  "x": [
   -3.0,
   -1.5,
   -0.5,
   0.0,
   0.3,
   1.0,
   2.5
  ],
  "pdf": [
   0.01729257880022295,
   0.12451734464635511,
   0.32791853132274645,
   0.3796066898224944,
   0.3598243283490097,
   0.2196797973509805,
   0.03332623888702283
  ],
  "logpdf": [
   -4.0574778405981995,
   -2.0833102583521734,
   -1.1149900815630203,
   -0.9686195890547242,
   -1.0221393434397172,
   -1.5155842594365883,
   -3.4014102377037103
  ],
  "cdf": [
   0.015049623948731288,
   0.09695184012123659,
   0.31914943582046457,
   0.5,
   0.6118754788683627,
   0.8183912661754387,
   0.9727549503288119
  ],
  "q": [
   0.01,
   0.05,
   0.1,
   0.25,
   0.5,
   0.75,
   0.9,
   0.95,
   0.99
  ],
  "ppf": [
   -3.364929998907218,
   -2.015048373333024,
   -1.4758840488244809,
   -0.7266868438004227,
   0.0,
   0.7266868438004227,
   1.475884048824481,
   2.015048373333023,
   3.364929998907217
  ]
 },
 "student_t_frac_df": {
  "df": 4.3,
  "x": [
   -3.0,
   -1.5,
   -0.5,
   0.0,
   0.3,
   1.0,
   2.5
  ],
  "pdf": [
   0.018895556102059823,
   0.12346022992798204,
   0.3242174048991083,
   0.37659549382736174,
   0.35648031078567266,
   0.21638914552834887,
   0.03490981187005537
  ],
  "logpdf": [
   -3.9688285114383395,
   -2.0918361996498884,
   -1.1263409854364896,
   -0.9765836282386324,
   -1.031476269865675,
   -1.530676892563815,
   -3.3549873468784135
  ],
  "cdf": [
   0.018212418014284828,
   0.10156452798543025,
   0.3207941904503839,
   0.5,
   0.6109366446539047,
   0.8148948035478562,
   0.9687759626818944
  ],
  "q": [
   0.01,
   0.05,
   0.1,
   0.25,
   0.5,
   0.75,
   0.9,
   0.95,
   0.99
  ],
  "ppf": [
   -3.6065511315523064,
   -2.0898220962719467,
   -1.512770878112437,
   -0.735766623837408,
   0.0,
   0.735766623837408,
   1.512770878112437,
   2.089822096271946,
   3.606551131552306
  ]
 },
 "ged_gennorm": {
  "beta": 1.5,
  "x": [
   -3.0,
   -1.5,
   -0.5,
   0.0,
   0.3,
   1.0,
   2.5
  ],
  "pdf": [
   0.003067216610058506,
   0.08821752366571374,
   0.38891839526031463,
   0.5538660837162361,
   0.4699405343929618,
   0.20375594536134423,
   0.01063420673856291
  ],
  "logpdf": [
   -5.786984770305937,
   -2.4279496546866883,
   -0.9443857381925784,
   -0.5908323475993047,
   -0.7551491148508545,
   -1.5908323475993047,
   -4.543679422809779
  ],
  "cdf": [
   0.001118733853948061,
   0.042432043134412914,
   0.25825067076132047,
   0.5,
   0.6557778396556174,
   0.8875912359919278,
   0.9958099846178956
  ],
  "q": [
   0.01,
   0.05,
   0.1,
   0.25,
   0.5,
   0.75,
   0.9,
   0.95,
   0.99
  ],
  "ppf": [
   -2.1466887468301534,
   -1.4202868210962156,
   -1.0638968071023318,
   -0.5214584655370091,
   0.0,
   0.5214584655370091,
   1.0638968071023316,
   1.4202868210962152,
   2.146688746830153
  ]
 },
 "special_functions": {
  "erf_x": [
   -3.0,
   -1.5,
   -0.5,
   0.0,
   0.3,
   1.0,
   2.5
  ],
  "erf": [
   -0.9999779095030014,
   -0.9661051464753108,
   -0.5204998778130465,
   0.0,
   0.3286267594591274,
   0.8427007929497148,
   0.999593047982555
  ],
  "lgamma_x": [
   0.5,
   1.0,
   2.5,
   7.3,
   21.0
  ],
  "lgamma": [
   0.5723649429247,
   0.0,
   0.2846828704729192,
   7.147892523022249,
   42.335616460753485
  ],
  "betainc_args": [
   [
    2.0,
    3.0,
    0.4
   ],
   [
    0.5,
    0.5,
    0.7
   ],
   [
    5.0,
    1.5,
    0.2
   ]
  ],
  "betainc": [
   0.5247999999999999,
   0.6309898804344546,
   0.0007906635744439764
  ]
 }
}