{
 "_meta": {
  "numpy": "1.26.4",
  "scipy": "1.17.1",
  "statsmodels": "0.14.6",
  "python": "3.12.7"
 },
 "discrete_lyapunov": [
  {
   "a": [
    [
     0.7,
     0.2
    ],
    [
     -0.1,
     0.5
    ]
   ],
   "q": [
    [
     1.0,
     0.3
    ],
    [
     0.3,
     2.0
    ]
   ],
   "x": [
    [
     2.4846773988454003,
     0.5795885150428525
    ],
    [
     0.5795885150428526,
     2.6225172299788917
    ]
   ]
  },
  {
   "a": [
    [
     0.0012102549224693828,
     0.29391315736055207,
     -0.2697035185647764,
     -0.8761860057617396
    ],
    [
     -0.44731622485116973,
     -0.9756061040960698,
     0.05917074538377089,
     1.3185364964740693
    ],
    [
     -0.48424479624826183,
     -0.6104383629960686,
     0.4819185745119819,
     0.35111415642923427
    ],
    [
     0.10370911315415171,
     -0.9154171912460259,
     -0.02877865748366963,
     0.6840562671176951
    ]
   ],
   "q": [
    [
     8.293880422550828,
     4.643160880747012,
     5.354421067720628,
     3.5385534906156906
    ],
    [
     4.643160880747012,
     6.127260725030659,
     2.79898189588324,
     1.8724557088534022
    ],
    [
     5.354421067720628,
     2.79898189588324,
     7.68378355926311,
     4.079562810793834
    ],
    [
     3.5385534906156906,
     1.8724557088534022,
     4.079562810793834,
     3.584754921653825
    ]
   ],
   "x": [
    [
     23.012701447122666,
     -9.636364240360493,
     1.729136577915883,
     -0.9946576528026704
    ],
    [
     -9.636364240360491,
     31.003574334899483,
     11.518982512709131,
     15.86933596891881
    ],
    [
     1.7291365779158832,
     11.518982512709135,
     13.571112444097679,
     8.190950121585017
    ],
    [
     -0.9946576528026665,
     15.869335968918808,
     8.190950121585017,
     22.388474111300827
    ]
   ]
  }
 ],
 "toeplitz_solve": {
  "first_col": [
   4.0,
   2.4,
   1.44,
   0.864,
   0.5184
  ],
  "rhs": [
   1.0,
   -0.5,
   2.0,
   0.0,
   1.5
  ],
  "x": [
   0.5078125,
   -0.9687499999999999,
   1.1796874999999998,
   -0.8203124999999999,
   0.5859375
  ]
 }
}