{
  "_doc": "Golden for the tsecon-nowcast Banbura-Modugno NEWS decomposition. The reference is an INDEPENDENT NumPy multivariate Kalman filter + RTS smoother (see generator docstring). 'weight' is computed by FINITE DIFFERENCES (central, eps=1e-4) on that smoother -- the direct definition of d(nowcast)/d(obs_j) -- so matching the crate's ANALYTIC impulse-response weight to ~1e-6 is a genuine cross-check. The exact adding-up identity new_nowcast - old_nowcast == sum(contribution) is self-validating and asserted to ~1e-10.",
  "dims": {
    "n_series": 5,
    "n_obs": 30,
    "factor_order": 2,
    "k_factors": 1
  },
  "params": {
    "loadings": [
      1.0,
      0.8,
      -0.6,
      0.5,
      0.9
    ],
    "phi": [
      0.5,
      0.2
    ],
    "idiosyncratic": [
      0.4,
      0.55,
      0.3,
      0.6,
      0.45
    ],
    "factor_innovation_var": 1.0
  },
  "center": [
    100.0,
    50.0,
    -20.0,
    10.0,
    0.02
  ],
  "scale": [
    5.0,
    3.0,
    4.0,
    2.0,
    0.01
  ],
  "old_vintage": [
    [
      104.27044953011743,
      51.42018148960197,
      -20.28336949799045,
      9.312304946007869,
      0.023811840864075184
    ],
    [
      91.2911968225185,
      45.61580719816736,
      -16.373039350820015,
      9.260861725085752,
      0.017501603636353263
    ],
    [
      96.3435742982937,
      49.2296128147307,
      -17.332685638542458,
      8.187992744294645,
      0.01789507757711713
    ],
    [
      94.58692909415805,
      50.008523244957324,
      -18.591703635782135,
      8.41500982177369,
      0.008676239175798635
    ],
    [
      100.64493984820808,
      46.573226813209885,
      -18.704756073270023,
      9.665027842620892,
      0.015484048984917769
    ],
    [
      95.13336255463476,
      47.39424044062397,
      -17.571098688550123,
      9.315564184555209,
      0.005196330215870758
    ],
    [
      109.13217820205776,
      52.63826321640062,
      -25.372062157383823,
      13.66887231272277,
      0.043082985843963785
    ],
    [
      106.50414863917457,
      53.7606823396802,
      -23.334782171933217,
      9.339137875473277,
      0.031093988895539618
    ],
    [
      91.48355542009092,
      44.52284057351141,
      -14.97043720203792,
      7.501068054167991,
      -0.0017174633988716673
    ],
    [
      101.2288197282692,
      45.51675562989993,
      -23.208442580776822,
      9.673436508111172,
      0.02372039344137956
    ],
    [
      94.98432385502913,
      46.660425741642406,
      -22.04001950727914,
      11.426459752701177,
      0.018636363623904643
    ],
    [
      88.57819039872369,
      46.332676442434725,
      -16.732859233014565,
      10.043291377002237,
      0.014859298141608752
    ],
    [
      93.1514354095708,
      47.14568699390756,
      -16.40567835691303,
      7.958460010661131,
      0.011600100180119048
    ],
    [
      89.78307388143982,
      51.636480730543695,
      -16.434640116163102,
      7.811882174149713,
      0.01992812193314022
    ],
    [
      93.09906939981279,
      44.99238321288058,
      -15.995287641696745,
      8.580118204973797,
      7.900284560252019e-05
    ],
    [
      103.80062316440255,
      49.02926126053259,
      -19.565743514206957,
      9.214044086332926,
      0.018764407512721636
    ],
    [
      104.93787721458756,
      49.094310298988255,
      -20.51959164913264,
      10.798855617799427,
      0.021651734689278366
    ],
    [
      98.64318252872414,
      45.88725790678595,
      -24.20553123016965,
      7.844166611059101,
      0.023263515181551668
    ],
    [
      94.1530755073553,
      47.12284384030166,
      -19.702194445491717,
      8.69159136942612,
      0.02438124165209025
    ],
    [
      95.06022627264552,
      51.75079731285545,
      -16.579972130411605,
      8.222913906455187,
      0.01374275217448134
    ],
    [
      97.46861472525477,
      52.5908092726628,
      -22.01105838606057,
      7.976823213029343,
      0.017738224349985073
    ],
    [
      106.29771054039503,
      54.79529057271393,
      -22.66393070628143,
      9.008005563203103,
      0.03567248698204899
    ],
    [
      111.41713794302264,
      53.520077613454234,
      -26.60852077460124,
      12.50205728836036,
      0.032905940478055194
    ],
    [
      106.18848904564217,
      54.26553143276943,
      -24.736330568010153,
      7.778299673305419,
      0.03717275570425996
    ],
    [
      99.25508476394474,
      53.13463686879183,
      -19.833737429021895,
      8.169252854208581,
      0.025566803302654553
    ],
    [
      109.99141517301743,
      55.220953695687456,
      -17.92920122361434,
      12.448591810493816,
      0.025344037714756237
    ],
    [
      103.02763470192063,
      47.99747212762329,
      -18.624440641484252,
      10.209358239290752,
      0.008104396435330364
    ],
    [
      108.81743810727352,
      52.179382337712035,
      -25.593274956868726,
      13.494979654251445,
      0.03342326363476765
    ],
    [
      103.43292516492295,
      55.01132109393397,
      -19.007101663479226,
      null,
      null
    ],
    [
      null,
      null,
      null,
      null,
      null
    ]
  ],