{
 "_meta": {
  "numpy": "2.5.1",
  "python": "3.12.7",
  "authored": "independent NumPy closed-form conditional moments + sparse-VAR DGP metadata for SSVS-BVAR (George-Sun-Ni 2008); data simulated in-Rust from a tsecon_rng::Stream, so no cross-language RNG contract is needed"
 },
 "mc_recovery": {
  "n": 3,
  "p": 2,
  "T": 600,
  "burn": 100,
  "sim_seed": 20260722,
  "A_lags": [
   [
    [
     0.5,
     0.3,
     0.0
    ],
    [
     0.0,
     0.4,
     0.0
    ],
    [
     0.4,
     0.0,
     0.5
    ]
   ],
   [
    [
     0.0,
     0.0,
     0.0
    ],
    [
     0.0,
     0.3,
     0.0
    ],
    [
     0.0,
     0.0,
     0.0
    ]
   ]
  ],
  "sigma_chol": [
   [
    1.0,
    0.0,
    0.0
   ],
   [
    0.2,
    0.9797958971132712,
    0.0
   ],
   [
    0.1,
    0.1326806944007555,
    0.9861013301549356
   ]
  ],
  "spectral_radius": 0.7830951894845299,
  "true_coef": [
   [
    0.0,
    0.0,
    0.0
   ],
   [
    0.5,
    0.0,
    0.4
   ],
   [
    0.3,
    0.4,
    0.0
   ],
   [
    0.0,
    0.0,
    0.5
   ],
   [
    0.0,
    0.0,
    0.0
   ],
   [
    0.0,
    0.3,
    0.0
   ],
   [
    0.0,
    0.0,
    0.0
   ]
  ],
  "true_nonzero_mask": [
   [
    0,
    0,
    0
   ],
   [
    1,
    0,
    1
   ],
   [
    1,
    1,
    0
   ],
   [
    0,
    0,
    1
   ],
   [
    0,
    0,
    0
   ],
   [
    0,
    1,
    0
   ],
   [
    0,
    0,
    0
   ]
  ]
 },
 "anchor_block1": {
  "n": 2,
  "p": 1,
  "data": [
   [
    0.23311038528867045,
    -0.053213260687472265
   ],
   [
    -1.4095176254248722,
    -0.4904812545681809
   ],
   [
    -1.9484497060570978,
    -0.35094086055911977
   ],
   [
    -1.6222912332176747,
    0.46262501415401813
   ],
   [
    -1.2409204077194418,
    0.669531313185623
   ],
   [
    -1.5841680858590308,
    0.6223319443913795
   ],
   [
    -2.073378820777499,
    0.7139828639940046
   ],
   [
    -2.0208432082251018,
    1.1963188117169816
   ],
   [
    -1.697246353881415,
    1.7045283638723594
   ],
   [
    -0.711655162882511,
    1.9126440277614045
   ],
   [
    -1.1588420242991375,
    0.889469948185331
   ],
   [
    -1.3274911456952527,
    0.7688501661702432
   ],
   [
    -1.6401944928286418,
    0.13790345500805457
   ],
   [
    -1.3174109633888391,
    0.550347722029428
   ],
   [
    -1.2374571984769336,
    0.46047805531279623
   ],
   [
    -1.405535226032725,
    -0.2462077144869565
   ],
   [
    -1.0887370175076236,
    0.01675922641798039
   ],
   [
    -1.1272918776125336,
    0.2289519204848234
   ],
   [
    -1.3526279318982117,
    -0.4087994004180626
   ],
   [
    -0.9885393533055147,
    -0.775144598342303
   ],
   [
    -1.3656002733013848,
    -0.779256747099597
   ],
   [
    -0.9731530528871344,
    -0.201680228752113
   ],
   [
    0.039197061305725533,
    -0.906634745523326
   ],
   [
    -0.6549353207814554,
    -0.5042873176793672
   ],
   [
    -1.384084822534132,
    0.2926057466054144
   ],
   [
    -0.6514079975990276,
    0.380496223887719
   ],
   [
    -0.987591188278647,
    0.4712835910556572
   ],
   [
    -2.2191293437498616,
    0.734271364842997
   ],
   [
    -1.9679529384478944,
    0.4788282795408827
   ],
   [
    -1.6779131623721006,
    0.5920604733237266
   ],
   [
    -0.9668483651715464,
    0.260004151551786
   ],
   [
    -1.0126628542083433,
    0.9531689908012707
   ]
  ],
  "sigma": [
   [
    1.3,
    0.4
   ],
   [
    0.4,
    0.9
   ]
  ],
  "tau": 2.5,
  "P": [
   [
    27.783762376237625,
    -35.22377838441283,
    7.866201863206436,
    -12.277227722772276,
    15.65501261529459,
    -3.496089716980638
   ],
   [
    -35.22377838441283,
    53.35326718803175,
    -13.294856837914171,
    15.65501261529459,
    -23.641452083569664,
    5.908825261295187
   ],
   [
    7.866201863206436,
    -13.294856837914171,
    14.490067997768243,
    -3.496089716980638,
    5.908825261295187,
    -6.368919110119218
   ],
   [
    -12.277227722772277,
    15.655012615294591,
    -3.4960897169806384,
    40.0609900990099,
    -50.87879099970742,
    11.362291580187074
   ],
   [
    15.655012615294591,
    -23.641452083569668,
    5.9088252612951875,
    -50.87879099970742,
    76.99471927160141,
    -19.20368209920936
   ],
   [
    -3.4960897169806384,
    5.9088252612951875,
    -6.368919110119219,
    11.362291580187074,
    -19.20368209920936,
    20.85898710788746
   ]
  ],
  "alpha_bar": [
   -0.8949274325341229,
   0.31197360937515994,
   -0.0565218219197395,
   -0.23211715322628815,
   -0.28054951509875353,
   0.6831423019871847
  ]
 },
 "anchor_bernoulli": [
  {
   "x": 0.05,
   "v_slab": 1.0,
   "v_spike": 0.01,
   "prior": 0.5,
   "prob": 0.10166727070495629
  },
  {
   "x": 0.8,
   "v_slab": 1.0,
   "v_spike": 0.01,
   "prior": 0.5,
   "prob": 0.9999999999998256
  },
  {
   "x": 0.3,
   "v_slab": 4.0,
   "v_spike": 0.04,
   "prior": 0.3,
   "prob": 0.11546108592698688
  },
  {
   "x": -1.2,
   "v_slab": 9.0,
   "v_spike": 0.09,
   "prior": 0.5,
   "prob": 0.996379135042544
  },
  {
   "x": 0.0,
   "v_slab": 2.0,
   "v_spike": 0.02,
   "prior": 0.5,
   "prob": 0.09090909090909091
  }
 ],
 "anchor_block3": {
  "S": [
   [
    10.0,
    2.0,
    1.0
   ],
   [
    2.0,
    8.0,
    1.5
   ],
   [
    1.0,
    1.5,
    6.0
   ]
  ],
  "gamma_a": 0.01,
  "gamma_b": 0.01,
  "T": 200,
  "kappa1": 10.0,
  "col_j": 2,
  "d_j_inv": [
   0.01,
   0.01
  ],
  "shape": 100.01,
  "rate_j": 2.8489835403208974,
  "M_j": [
   [
    0.10514556951224796,
    -0.026253575408800984
   ],
   [
    -0.026253575408800984,
    0.13139914492104893
   ]
  ],
  "eta_mean_unit": [
   -0.06576520639904648,
   -0.1708451419727724
  ],
  "rate_0": 5.01
 }
}